{
    "Version": "2012-10-17",
    "Statement": [
        {
            "Effect": "Allow",
            "Action": [
                "ec2:DescribeInstanceStatus"
            ],
            "Resource": "*"
        },
        {
            "Effect": "Allow",
            "Action": [
                "ds:CreateComputer",
                "ds:DescribeDirectories"
            ],
            "Resource": "*"
        },
        {
            "Action": [
                "s3:List*",
                "s3:Describe*"
            ],
            "Effect": "Allow",
            "Resource": "*"
        },
        {
            "Action": [
                "ssm:PutParameter"
            ],
            "Effect": "Allow",
            "Resource": "*"
        }
    ]
}