{
  "cluster_parameter_group": [
    {
      "apply_method": "pending-reboot",
      "name": "audit_logs",
      "value": "all"
    },
    {
      "apply_method": "pending-reboot",
      "name": "change_stream_log_retention_duration",
      "value": "10800"
    },
    {
      "apply_method": "pending-reboot",
      "name": "profiler",
      "value": "enabled"
    },
    {
      "apply_method": "pending-reboot",
      "name": "profiler_sampling_rate",
      "value": "1.0"
    },
    {
      "apply_method": "pending-reboot",
      "name": "profiler_threshold_ms",
      "value": "1000"
    },
    {
      "apply_method": "pending-reboot",
      "name": "tls",
      "value": "enabled"
    },
    {
      "apply_method": "pending-reboot",
      "name": "ttl_monitor",
      "value": "enabled"
    }
  ]
}